<!DOCTYPE hibernate-configuration PUBLIC 
	"-//Hibernate/Hibernate Configuration DTD//EN"
	"http://hibernate.sourceforge.net/hibernate-configuration-3.0.dtd">
<hibernate-configuration>
	<session-factory name="studentFactory">
	        <property name="connection.driver_class">
	             oracle.jdbc.OracleDriver
	        </property>
		<property name="connection.url">
		     jdbc:oracle:thin:@localhost:1521:XE
		</property>
		<property name="connection.username">
		     system
		</property>
		<property name="connection.password">
		    system
		</property>
	        <property name="connection.pool_size">5</property>
	        <!-- SQL dialect -->
	        <property name="dialect">
	             org.hibernate.dialect.OracleDialect
	        </property>
	        <!-- Echo all executed SQL to stdout -->
	        <property name="show_sql">false</property>
			   <property name="hbm2ddl.auto">create</property>
		<mapping resource="com\\xml\\Student.hbm.xml"/>
	</session-factory>
</hibernate-configuration>