<?xml version="1.0"?>
<!DOCTYPE hibernate-mapping PUBLIC 
	"-//Hibernate/Hibernate Mapping DTD//EN"
	"http://hibernate.sourceforge.net/hibernate-mapping-3.0.dtd">
<hibernate-mapping >
	<class name="com.candidjava.Student" table="Student" >
	     <id name="id" type="long" column ="Id">
		<generator class="increment"/>
	     </id>
	     <property name="stuid" column="StuId" not-null="true"/>
	      <property name="sturegno" column="StuRegNO" />
	       <property name="stuname" column="StuName" />
	        <property name="stumark1" column="StuMark1" />
	         <property name="stumark2" column="StuMark2" />
	          <property name="degree" column="Degree" />
	     
	      <property name="mobileno" column="MobileNo" />
	     <property name="mailid" column="MailId" />
	</class>
</hibernate-mapping>