<?xml version="1.0" encoding="UTF-8"?>
<!DOCTYPE hibernate-configuration PUBLIC
	"-//Hibernate/Hibernate Configuration DTD 3.0//EN"
	"http://hibernate.sourceforge.net/hibernate-configuration-3.0.dtd">
<hibernate-configuration>
	<session-factory>
		<property name="hibernate.connection.driver_class">com.microsoft.sqlserver.jdbc.SQLServerDriver</property>
		<property name="hibernate.connection.url">jdbc:sqlserver://localhost:1433;databaseName=Practise_DB</property>
		<property name="hibernate.connection.username">sysadm</property>
		<property name="hibernate.connection.password">sysadm</property>
		<property name="show_sql">true</property>
		<property name="hbm2ddl.auto">update</property>
		<mapping class="com.pavan.relations.dto.PersonDTO"></mapping>
		<mapping class="com.pavan.relations.dto.PassportDTO"></mapping>
	</session-factory>
</hibernate-configuration>